"","SEX","mean","variance","standard_deviation","count"
"1","Females",3316.40760081828,325697.205356266,570.698874500612,2619639
"2","Males",3431.96928987524,361956.100824897,601.627875704656,2759839
